,filepath,name
0,assets\sounds\ambient\Bird Songs\Bird Songs on Bear Creek - Relaxation Meditation - 47 min.mp3,Bird Songs
1,assets\sounds\music\Brian Eno\Ambient 1 Music For Airports\01 Brian Eno - 1-1.flac,Eno 1
2,assets\sounds\music\Brian Eno\Ambient 1 Music For Airports\02 Brian Eno - 1-2.flac,Eno 1
3,assets\sounds\music\Brian Eno\Ambient 1 Music For Airports\03 Brian Eno - 2-1.flac,Eno 2
4,assets\sounds\music\Brian Eno\Ambient 1 Music For Airports\04 Brian Eno - 2-2.flac,Eno 2
5,assets\sounds\music\Elliott Smith\1997 - Either_Or\01 Speed Trials.mp3,Elliot Smith Either Or
6,assets\sounds\music\Elliott Smith\1997 - Either_Or\02 Alameda.mp3,Elliot Smith Either Or
7,assets\sounds\music\Elliott Smith\1997 - Either_Or\03 Ballad Of Big Nothing.mp3,Elliot Smith Either Or
8,assets\sounds\music\Elliott Smith\1997 - Either_Or\04 Between The Bars.mp3,Elliot Smith Either Or
9,assets\sounds\music\Elliott Smith\1997 - Either_Or\05 Pictures Of Me.mp3,Elliot Smith Either Or
10,assets\sounds\music\Elliott Smith\1997 - Either_Or\06 No Name No. 5.mp3,Elliot Smith Either Or
11,assets\sounds\music\Elliott Smith\1997 - Either_Or\07 Rose Parade.mp3,Elliot Smith Either Or
12,assets\sounds\music\Elliott Smith\1997 - Either_Or\08 Punch And Judy.mp3,Elliot Smith Either Or
13,assets\sounds\music\Elliott Smith\1997 - Either_Or\09 Angeles.mp3,Elliot Smith Either Or
14,assets\sounds\music\Elliott Smith\1997 - Either_Or\10 Cupid's Trick.mp3,Elliot Smith Either Or
15,assets\sounds\music\Elliott Smith\1997 - Either_Or\11 2-45 am.mp3,Elliot Smith Either Or
16,assets\sounds\music\Elliott Smith\1997 - Either_Or\12 Say Yes.mp3,Elliot Smith Either Or
59,assets\sounds\music\Huerco S\For Those Of You Who Have Never (And Also Those Who Have)\01. A Sea Of Love.mp3,Huerco S
60,assets\sounds\music\Huerco S\For Those Of You Who Have Never (And Also Those Who Have)\02. Lifeblood (Naive Melody).mp3,Huerco S
61,assets\sounds\music\Huerco S\For Those Of You Who Have Never (And Also Those Who Have)\03. Hear Me Out.mp3,Huerco S
62,assets\sounds\music\Huerco S\For Those Of You Who Have Never (And Also Those Who Have)\04. Kraanvogel.mp3,Huerco S
63,assets\sounds\music\Huerco S\For Those Of You Who Have Never (And Also Those Who Have)\05. On The Embankment.mp3,Huerco S
64,assets\sounds\music\Huerco S\For Those Of You Who Have Never (And Also Those Who Have)\06. Marked For Life.mp3,Huerco S
65,assets\sounds\music\Huerco S\For Those Of You Who Have Never (And Also Those Who Have)\07. Cubist Camouflage.mp3,Huerco S
66,assets\sounds\music\Huerco S\For Those Of You Who Have Never (And Also Those Who Have)\08. Promises Of Fertility.mp3,Huerco S
67,assets\sounds\music\Huerco S\For Those Of You Who Have Never (And Also Those Who Have)\09. The Sacred Dance.mp3,Huerco S
68,assets\sounds\music\Sigur Ros\1999. Agaetis Byrjun\01 - Intro.mp3,Sigur Ros
69,assets\sounds\music\Sigur Ros\1999. Agaetis Byrjun\02 - Svefn-G-Englar.mp3,Sigur Ros
70,assets\sounds\music\Sigur Ros\1999. Agaetis Byrjun\03 - Staralfur.mp3,Sigur Ros
71,assets\sounds\music\Sigur Ros\1999. Agaetis Byrjun\04 - Flugufrelsarinn.mp3,Sigur Ros
72,assets\sounds\music\Sigur Ros\1999. Agaetis Byrjun\05 - Ny Batteri.mp3,Sigur Ros
73,assets\sounds\music\Sigur Ros\1999. Agaetis Byrjun\06 - Hjartad Hamast (Bamm Bamm Bamm).mp3,Sigur Ros
74,assets\sounds\music\Sigur Ros\1999. Agaetis Byrjun\07 - Vidrar Vel Til Loftarasa.mp3,Sigur Ros
75,assets\sounds\music\Sigur Ros\1999. Agaetis Byrjun\08 - Olsen Olsen.mp3,Sigur Ros
76,assets\sounds\music\Sigur Ros\1999. Agaetis Byrjun\09 - Agaetis Byrjun.mp3,Sigur Ros
77,assets\sounds\music\Sigur Ros\1999. Agaetis Byrjun\10 - Avalon.mp3,Sigur Ros
